timestamp,phase,status,details
2026-08-21T18:38:40Z,C - Structural SEM,CHECKING,Verifying Phase C status...
2026-08-21T18:38:40Z,C - Structural SEM,IN PROGRESS,0/20 models estimated. Waiting for completion...
2026-08-21T19:08:40Z,Orchestration Progress,Phase C in progress,Phase C: 0/20 | Phase E: 0 files | Phase F: 0/20 | Elapsed: 0.5 hrs
2026-08-21T19:38:40Z,Orchestration Progress,Phase C in progress,Phase C: 0/20 | Phase E: 0 files | Phase F: 0/20 | Elapsed: 1.0 hrs
2026-08-21T20:08:40Z,Orchestration Progress,Phase C in progress,Phase C: 0/20 | Phase E: 0 files | Phase F: 0/20 | Elapsed: 1.5 hrs
2026-08-21T20:38:40Z,Orchestration Progress,Phase C in progress,Phase C: 0/20 | Phase E: 0 files | Phase F: 0/20 | Elapsed: 2.0 hrs
2026-08-21T21:08:40Z,Orchestration Progress,Phase C in progress,Phase C: 17/20 | Phase E: 0 files | Phase F: 0/20 | Elapsed: 2.5 hrs
2026-08-21T21:38:41Z,Orchestration Progress,Phase C in progress,Phase C: 17/20 | Phase E: 0 files | Phase F: 0/20 | Elapsed: 3.0 hrs
2026-08-21T22:08:41Z,Orchestration Progress,Phase C in progress,Phase C: 17/20 | Phase E: 0 files | Phase F: 0/20 | Elapsed: 3.5 hrs
2026-08-21T22:38:41Z,Orchestration Progress,Phase C in progress,Phase C: 17/20 | Phase E: 0 files | Phase F: 0/20 | Elapsed: 4.0 hrs
2026-08-21T23:08:41Z,Orchestration Progress,Phase C in progress,Phase C: 17/20 | Phase E: 0 files | Phase F: 0/20 | Elapsed: 4.5 hrs
2026-08-21T23:38:41Z,Orchestration Progress,Phase C in progress,Phase C: 17/20 | Phase E: 0 files | Phase F: 0/20 | Elapsed: 5.0 hrs
2026-08-22T00:08:41Z,Orchestration Progress,Phase C in progress,Phase C: 17/20 | Phase E: 0 files | Phase F: 0/20 | Elapsed: 5.5 hrs
2026-08-22T00:38:41Z,Orchestration Progress,Phase C in progress,Phase C: 17/20 | Phase E: 0 files | Phase F: 0/20 | Elapsed: 6.0 hrs
2026-08-22T01:08:41Z,Orchestration Progress,Phase C in progress,Phase C: 17/20 | Phase E: 0 files | Phase F: 0/20 | Elapsed: 6.5 hrs
2026-08-22T01:38:41Z,Orchestration Progress,Phase C in progress,Phase C: 17/20 | Phase E: 0 files | Phase F: 0/20 | Elapsed: 7.0 hrs
2026-08-22T02:08:41Z,Orchestration Progress,Phase C in progress,Phase C: 17/20 | Phase E: 0 files | Phase F: 0/20 | Elapsed: 7.5 hrs
2026-08-22T02:38:42Z,Orchestration Progress,Phase C in progress,Phase C: 17/20 | Phase E: 0 files | Phase F: 0/20 | Elapsed: 8.0 hrs
2026-08-22T03:08:42Z,Orchestration Progress,Phase C in progress,Phase C: 17/20 | Phase E: 0 files | Phase F: 0/20 | Elapsed: 8.5 hrs
2026-08-22T03:38:42Z,Orchestration Progress,Phase C in progress,Phase C: 17/20 | Phase E: 0 files | Phase F: 0/20 | Elapsed: 9.0 hrs
2026-08-22T04:08:42Z,Orchestration Progress,Phase C in progress,Phase C: 17/20 | Phase E: 0 files | Phase F: 0/20 | Elapsed: 9.5 hrs
2026-08-22T04:38:42Z,Orchestration Progress,Phase C in progress,Phase C: 17/20 | Phase E: 0 files | Phase F: 0/20 | Elapsed: 10.0 hrs
2026-08-22T05:08:42Z,Orchestration Progress,Phase C in progress,Phase C: 17/20 | Phase E: 0 files | Phase F: 0/20 | Elapsed: 10.5 hrs
2026-08-22T05:38:42Z,Orchestration Progress,Phase C in progress,Phase C: 17/20 | Phase E: 0 files | Phase F: 0/20 | Elapsed: 11.0 hrs
2026-08-22T06:08:42Z,Orchestration Progress,Phase C in progress,Phase C: 17/20 | Phase E: 0 files | Phase F: 0/20 | Elapsed: 11.5 hrs
2026-08-22T06:38:42Z,Orchestration Progress,Phase C in progress,Phase C: 18/20 | Phase E: 0 files | Phase F: 0/20 | Elapsed: 12.0 hrs
2026-08-22T07:08:42Z,Orchestration Progress,Phase C in progress,Phase C: 18/20 | Phase E: 0 files | Phase F: 0/20 | Elapsed: 12.5 hrs
2026-08-22T07:38:42Z,Orchestration Progress,Waiting for Phase E/F to start,Phase C: 20/20 | Phase E: 0 files | Phase F: 0/20 | Elapsed: 13.0 hrs
2026-08-22T08:08:42Z,Orchestration Progress,Waiting for Phase E/F to start,Phase C: 25/20 | Phase E: 0 files | Phase F: 0/20 | Elapsed: 13.5 hrs
2026-08-22T08:38:43Z,Orchestration Progress,Waiting for Phase E/F to start,Phase C: 25/20 | Phase E: 0 files | Phase F: 0/20 | Elapsed: 14.0 hrs
2026-08-22T09:08:43Z,Orchestration Progress,Waiting for Phase E/F to start,Phase C: 28/20 | Phase E: 0 files | Phase F: 0/20 | Elapsed: 14.5 hrs
2026-08-22T09:38:43Z,Orchestration Progress,Waiting for Phase E/F to start,Phase C: 28/20 | Phase E: 0 files | Phase F: 0/20 | Elapsed: 15.0 hrs
2026-08-22T10:08:43Z,Orchestration Progress,Waiting for Phase E/F to start,Phase C: 28/20 | Phase E: 0 files | Phase F: 0/20 | Elapsed: 15.5 hrs
2026-08-22T10:38:43Z,Orchestration Progress,Waiting for Phase E/F to start,Phase C: 28/20 | Phase E: 0 files | Phase F: 0/20 | Elapsed: 16.0 hrs
